Layer Name,Accuracy,Precision,Recall,F1,Training Time,Prediction Time,Model Size,Number of Parameters,Training Time (Hours)
Full_Pretrained,0.2101534828807556,0.16855660883985493,0.2101534828807556,0.161918189487435,14743.339755058289,512.2708530426025,438023751,109486085,4:05:43.339755
Layer_1_2_3_4_5_6_7_8_Skipped,0.21428571428571427,0.14059072566114153,0.21428571428571427,0.13474100178418977,9035.415471792221,343.9377689361572,324592455,81134597,2:30:35.415472
Layer_5_6_7_8_9_10_11_Skipped,0.20602125147579692,0.08402486115228897,0.20602125147579692,0.10397185427106316,7446.618385791779,300.3494338989258,296234615,74046725,2:04:06.618386
Layer_0_2_5_8_9_10_Skipped,0.20306965761511217,0.20124922798925565,0.20306965761511217,0.14559903519523196,6439.692998886108,263.7594301700592,267876775,66958853,1:47:19.692999
Layer_0_3_6_8_9_10_Skipped,0.2012987012987013,0.09643895327024869,0.2012987012987013,0.1176232327986569,6460.542089939117,258.7254240512848,267876775,66958853,1:47:40.542090
Layer_0_2_4_6_8_10_Skipped,0.2077922077922078,0.15839708870560656,0.2077922077922078,0.15895058639409512,6441.745051860809,258.355101108551,267876775,66958853,1:47:21.745052
Layer_1_3_4_6_7_10_Skipped,0.20365997638724911,0.08438480182492158,0.20365997638724911,0.07425228298232316,6432.362279891968,257.727196931839,267876775,66958853,1:47:12.362280
Layer_1_3_5_7_9_11_Skipped,0.20365997638724911,0.04147738598205487,0.20365997638724911,0.06891877572692588,6434.89900302887,256.6546277999878,267876775,66958853,1:47:14.899003
